,Team,Game,Date,Home,Opponent,WINorLOSS,TeamPoints,OpponentPoints,FieldGoals,FieldGoalsAttempted,FieldGoals.,X3PointShots,X3PointShotsAttempted,X3PointShots.,FreeThrows,FreeThrowsAttempted,FreeThrows.,OffRebounds,TotalRebounds,Assists,Steals,Blocks,Turnovers,TotalFouls,Opp.FieldGoals,Opp.FieldGoalsAttempted,Opp.FieldGoals.,Opp.3PointShots,Opp.3PointShotsAttempted,Opp.3PointShots.,Opp.FreeThrows,Opp.FreeThrowsAttempted,Opp.FreeThrows.,Opp.OffRebounds,Opp.TotalRebounds,Opp.Assists,Opp.Steals,Opp.Blocks,Opp.Turnovers,Opp.TotalFouls
3424,POR,34,1/3/2015,Home,ATL,L,107,115,42,93,0.452,13,33,0.394,10,12,0.833,11,44,24,6,7,18,23,43,84,0.512,6,17,0.353,23,31,0.742,10,46,17,9,5,14,15
3524,POR,35,1/5/2015,Home,LAL,W,98,94,33,83,0.398,11,26,0.423,21,24,0.875,10,45,18,7,4,9,12,37,88,0.42,4,14,0.286,16,20,0.8,11,49,20,5,0,10,20
3624,POR,36,1/8/2015,Home,MIA,W,99,83,40,95,0.421,8,27,0.296,11,15,0.733,15,50,19,5,6,7,21,29,77,0.377,3,14,0.214,22,30,0.733,10,42,15,6,7,9,13
3724,POR,37,1/10/2015,Home,ORL,W,103,92,36,76,0.474,10,26,0.385,21,26,0.808,6,43,22,6,8,20,17,37,92,0.402,3,21,0.143,15,20,0.75,17,49,22,10,0,16,22
3824,POR,38,1/11/2015,Away,LAL,W,106,94,41,86,0.477,13,31,0.419,11,17,0.647,6,43,28,5,0,11,18,36,81,0.444,7,22,0.318,15,19,0.789,7,45,29,2,4,13,22
3924,POR,39,1/14/2015,Home,LAC,L,94,100,35,87,0.402,6,26,0.231,18,20,0.9,11,48,22,5,1,12,18,37,88,0.42,8,23,0.348,18,19,0.947,7,44,20,9,2,7,22
4024,POR,40,1/16/2015,Away,SAS,L,96,110,37,74,0.5,6,19,0.316,16,20,0.8,2,32,20,6,6,16,15,42,94,0.447,11,29,0.379,15,17,0.882,15,49,34,12,4,12,18
4128,POR,41,1/17/2015,Away,MEM,L,98,102,36,93,0.387,13,36,0.361,13,15,0.867,15,40,20,7,5,7,22,39,77,0.506,8,15,0.533,16,24,0.667,11,50,21,4,4,14,18
4226,POR,42,1/19/2015,Home,SAC,W,98,94,35,88,0.398,11,36,0.306,17,26,0.654,9,35,21,16,3,13,21,34,76,0.447,4,12,0.333,22,30,0.733,11,53,13,8,5,21,22
4324,POR,43,1/21/2015,Away,PHO,L,113,118,39,87,0.448,13,32,0.406,22,28,0.786,10,44,21,8,4,14,18,47,92,0.511,9,27,0.333,15,24,0.625,11,50,24,11,1,13,21
4424,POR,44,1/22/2015,Home,BOS,L,89,90,33,89,0.371,9,28,0.321,14,19,0.737,13,45,16,8,6,10,13,39,87,0.448,7,19,0.368,5,7,0.714,10,47,23,8,5,16,19
4524,POR,45,1/24/2015,Home,WAS,W,103,96,35,87,0.402,13,31,0.419,20,20,1,8,44,22,8,1,12,14,40,82,0.488,5,15,0.333,11,14,0.786,2,41,24,8,3,12,19
4624,POR,46,1/28/2015,Away,CLE,L,94,99,35,80,0.438,10,31,0.323,14,17,0.824,11,39,18,5,5,8,20,34,85,0.4,15,37,0.405,16,18,0.889,14,46,16,3,1,8,15
4724,POR,47,1/30/2015,Away,ATL,L,99,105,39,87,0.448,11,30,0.367,10,11,0.909,9,46,25,7,3,17,20,40,84,0.476,11,23,0.478,14,22,0.636,7,42,26,12,4,13,17
4824,POR,48,1/31/2015,Away,MIL,L,88,95,33,89,0.371,9,31,0.29,13,18,0.722,11,44,19,11,3,16,15,37,82,0.451,8,21,0.381,13,14,0.929,9,50,22,12,8,17,19
4924,POR,49,2/3/2015,Home,UTA,W,103,102,36,76,0.474,7,23,0.304,24,34,0.706,12,45,18,8,6,14,20,39,85,0.459,6,13,0.462,18,26,0.692,14,41,18,8,4,10,23
5024,POR,50,2/5/2015,Home,PHO,W,108,87,40,90,0.444,8,31,0.258,20,23,0.87,13,57,21,7,7,14,14,34,88,0.386,6,23,0.261,13,17,0.765,11,42,20,11,2,16,21
5128,POR,51,2/7/2015,Away,DAL,L,101,111,37,89,0.416,10,32,0.313,17,24,0.708,17,58,24,11,4,22,21,43,105,0.41,14,36,0.389,11,16,0.688,20,55,21,11,7,15,20
5226,POR,52,2/8/2015,Away,HOU,W,109,98,40,76,0.526,9,29,0.31,20,23,0.87,4,39,20,8,5,11,19,31,82,0.378,13,35,0.371,23,34,0.676,15,40,24,7,1,11,24
5324,POR,53,2/11/2015,Home,LAL,W,102,86,35,86,0.407,10,30,0.333,22,23,0.957,15,52,27,5,5,10,11,34,93,0.366,7,16,0.438,11,11,1,14,48,17,4,5,10,23
5424,POR,54,2/20/2015,Away,UTA,L,76,92,26,72,0.361,4,22,0.182,20,22,0.909,3,37,12,5,5,13,13,37,83,0.446,10,25,0.4,8,17,0.471,13,48,18,11,7,8,21
5524,POR,55,2/22/2015,Home,MEM,L,92,98,33,82,0.402,13,33,0.394,13,16,0.813,8,46,24,4,4,15,15,42,89,0.472,3,9,0.333,11,13,0.846,8,44,20,13,4,6,15
5624,POR,56,2/25/2015,Home,SAS,W,111,95,43,85,0.506,13,26,0.5,12,15,0.8,12,45,25,9,4,13,16,37,85,0.435,8,21,0.381,13,14,0.929,10,37,20,8,5,13,16
5724,POR,57,2/27/2015,Home,OKC,W,115,112,39,89,0.438,10,26,0.385,27,31,0.871,12,43,20,7,4,9,14,45,94,0.479,4,14,0.286,18,22,0.818,13,47,24,5,4,11,23
5824,POR,58,3/1/2015,Away,SAC,W,110,99,41,83,0.494,10,24,0.417,18,20,0.9,11,43,19,5,3,17,20,39,86,0.453,3,12,0.25,18,23,0.783,7,33,24,8,2,12,18
5924,POR,59,3/4/2015,Away,LAC,W,98,93,34,87,0.391,8,32,0.25,22,29,0.759,10,61,19,3,4,15,21,37,96,0.385,11,31,0.355,8,18,0.444,9,51,25,6,4,9,26
6024,POR,60,3/5/2015,Home,DAL,W,94,75,34,82,0.415,7,22,0.318,19,21,0.905,8,56,20,7,5,16,15,33,88,0.375,2,16,0.125,7,8,0.875,6,41,17,10,3,13,16
6128,POR,61,3/7/2015,Away,MIN,L,113,121,43,88,0.489,14,27,0.519,13,17,0.765,9,36,18,3,3,10,23,46,85,0.541,4,7,0.571,25,31,0.806,10,45,26,7,3,6,15
6226,POR,62,3/11/2015,Home,HOU,W,105,100,42,92,0.457,10,33,0.303,11,14,0.786,16,60,25,5,2,19,18,38,91,0.418,11,31,0.355,13,23,0.565,12,40,21,12,5,11,16
6324,POR,63,3/13/2015,Home,DET,W,118,99,46,80,0.575,11,21,0.524,15,17,0.882,7,43,28,2,2,10,12,41,91,0.451,7,25,0.28,10,12,0.833,11,36,23,5,2,6,14
6424,POR,64,3/15/2015,Away,TOR,W,113,97,45,86,0.523,13,29,0.448,10,16,0.625,7,37,27,6,5,10,15,37,78,0.474,5,18,0.278,18,23,0.783,9,42,20,5,3,15,22
6524,POR,65,3/16/2015,Away,WAS,L,97,105,36,89,0.404,8,28,0.286,17,20,0.85,14,48,19,2,3,10,19,41,82,0.5,7,12,0.583,16,26,0.615,6,43,25,5,4,6,17
6624,POR,66,3/18/2015,Away,MIA,L,104,108,41,81,0.506,10,26,0.385,12,21,0.571,13,45,22,3,2,15,15,46,87,0.529,7,10,0.7,9,14,0.643,8,35,21,7,7,8,18
6724,POR,67,3/20/2015,Away,ORL,L,104,111,38,80,0.475,7,24,0.292,21,24,0.875,11,44,13,4,2,13,19,43,94,0.457,5,12,0.417,20,24,0.833,18,50,22,9,1,7,22
6824,POR,68,3/21/2015,Away,MEM,L,86,97,33,76,0.434,6,22,0.273,14,15,0.933,5,44,15,6,3,17,17,37,89,0.416,11,18,0.611,12,16,0.75,11,45,21,10,1,10,16
6924,POR,69,3/24/2015,Home,GSW,L,108,122,39,92,0.424,15,34,0.441,15,19,0.789,12,35,23,9,2,10,14,50,83,0.602,12,26,0.462,10,11,0.909,6,46,37,4,5,13,18
7024,POR,70,3/25/2015,Away,UTA,W,92,89,34,81,0.42,7,27,0.259,17,20,0.85,11,45,19,4,5,14,18,35,80,0.438,4,16,0.25,15,23,0.652,11,43,12,11,2,9,20
7128,POR,71,3/27/2015,Away,PHO,W,87,81,36,89,0.404,7,26,0.269,8,18,0.444,15,54,15,4,4,13,18,32,87,0.368,6,20,0.3,11,12,0.917,11,48,14,5,1,13,19
7226,POR,72,3/28/2015,Home,DEN,W,120,114,48,85,0.565,8,18,0.444,16,18,0.889,8,45,29,8,5,16,18,43,92,0.467,9,24,0.375,19,22,0.864,11,39,24,12,1,11,20
7324,POR,73,3/30/2015,Home,PHO,W,109,86,44,86,0.512,12,27,0.444,9,10,0.9,9,47,26,6,5,14,10,38,87,0.437,3,16,0.188,7,10,0.7,8,38,18,6,2,12,11
7424,POR,74,4/1/2015,Home,LAC,L,122,126,45,89,0.506,13,25,0.52,19,25,0.76,13,43,25,4,3,8,19,46,86,0.535,15,28,0.536,19,24,0.792,7,40,30,6,3,6,21
7524,POR,75,4/3/2015,Away,LAL,W,107,77,43,88,0.489,10,26,0.385,11,11,1,6,53,21,7,6,8,14,31,82,0.378,5,14,0.357,10,17,0.588,6,43,13,4,6,11,10
7624,POR,76,4/4/2015,Home,NOP,W,99,90,36,84,0.429,6,16,0.375,21,23,0.913,18,51,17,4,3,10,9,39,85,0.459,7,16,0.438,5,10,0.5,9,35,18,8,5,9,18
7724,POR,77,4/6/2015,Away,BRK,L,96,106,39,87,0.448,11,26,0.423,7,9,0.778,11,50,17,4,3,12,21,41,91,0.451,6,14,0.429,18,23,0.783,12,46,25,6,5,6,11
7824,POR,78,4/8/2015,Home,MIN,W,116,91,42,85,0.494,12,33,0.364,20,23,0.87,12,53,25,8,2,15,23,32,85,0.376,3,11,0.273,24,29,0.828,10,35,16,12,2,11,17
7924,POR,79,4/9/2015,Away,GSW,L,105,116,46,98,0.469,7,24,0.292,6,8,0.75,11,41,28,6,5,9,12,48,90,0.533,12,26,0.462,8,9,0.889,9,44,27,6,5,13,12
8024,POR,80,4/11/2015,Home,UTA,L,105,111,41,87,0.471,6,30,0.2,17,22,0.773,9,39,22,11,4,12,25,36,79,0.456,6,17,0.353,33,42,0.786,15,48,20,9,4,16,17
8125,POR,81,4/13/2015,Away,OKC,L,90,101,38,83,0.458,8,23,0.348,6,9,0.667,3,35,22,1,4,12,21,39,96,0.406,4,21,0.19,19,27,0.704,18,58,14,8,6,8,19
8224,POR,82,4/15/2015,Away,DAL,L,98,114,38,91,0.418,7,25,0.28,15,18,0.833,12,45,20,7,4,19,22,39,86,0.453,9,25,0.36,27,34,0.794,12,54,18,9,5,14,17
1186,POR,1,10/28/2015,Home,NOP,W,112,94,44,88,0.5,12,32,0.375,12,14,0.857,6,51,22,7,4,12,21,36,91,0.396,11,33,0.333,11,18,0.611,5,39,19,7,2,11,17
2186,POR,2,10/30/2015,Away,PHO,L,92,110,34,86,0.395,9,24,0.375,15,19,0.789,11,42,17,9,5,23,33,37,83,0.446,4,18,0.222,32,42,0.762,11,55,17,13,7,19,17
3186,POR,3,10/31/2015,Home,PHO,L,90,101,33,79,0.418,8,30,0.267,16,28,0.571,10,45,20,7,5,16,20,39,94,0.415,11,32,0.344,12,16,0.75,11,48,16,11,6,13,20
4186,POR,4,11/2/2015,Away,MIN,W,106,101,41,89,0.461,9,30,0.3,15,20,0.75,11,46,18,5,6,16,27,34,79,0.43,3,13,0.231,30,39,0.769,8,41,22,10,4,15,22
5186,POR,5,11/4/2015,Away,UTA,W,108,92,41,77,0.532,11,25,0.44,15,32,0.469,13,48,11,5,7,19,25,33,88,0.375,5,24,0.208,21,33,0.636,16,40,9,12,8,9,22
6186,POR,6,11/5/2015,Home,MEM,W,115,96,44,87,0.506,15,30,0.5,12,20,0.6,14,47,29,3,3,8,19,37,77,0.481,7,20,0.35,15,21,0.714,7,36,20,4,5,8,14
7186,POR,7,11/8/2015,Home,DET,L,103,120,41,76,0.539,9,25,0.36,12,18,0.667,7,40,24,5,2,22,22,47,96,0.49,11,30,0.367,15,22,0.682,18,46,16,13,5,9,16
873,POR,8,11/9/2015,Away,DEN,L,104,108,36,91,0.396,10,29,0.345,22,27,0.815,10,39,20,6,3,9,22,40,77,0.519,7,19,0.368,21,32,0.656,8,47,20,5,7,14,20
954,POR,9,11/11/2015,Home,SAS,L,101,113,39,88,0.443,9,22,0.409,14,23,0.609,10,36,26,6,3,9,15,46,82,0.561,7,15,0.467,14,18,0.778,8,42,27,4,4,11,21
1054,POR,10,11/13/2015,Away,MEM,L,100,101,33,69,0.478,8,22,0.364,26,29,0.897,10,43,17,5,10,22,22,36,86,0.419,6,16,0.375,23,27,0.852,14,35,22,10,0,8,21
1187,POR,11,11/15/2015,Away,CHO,L,94,106,35,89,0.393,5,21,0.238,19,21,0.905,16,46,20,5,3,12,25,41,83,0.494,9,31,0.29,15,19,0.789,7,37,29,6,9,11,16
1256,POR,12,11/16/2015,Away,SAS,L,80,93,31,75,0.413,7,19,0.368,11,13,0.846,4,39,15,4,3,12,18,38,89,0.427,7,23,0.304,10,13,0.769,12,47,29,9,10,6,13
1354,POR,13,11/18/2015,Away,HOU,L,103,108,35,88,0.398,9,30,0.3,24,29,0.828,10,48,18,11,7,19,27,32,92,0.348,14,44,0.318,30,35,0.857,13,51,22,11,6,17,20
1454,POR,14,11/20/2015,Home,LAC,W,102,91,38,90,0.422,8,25,0.32,18,24,0.75,17,55,16,8,3,14,17,38,86,0.442,7,24,0.292,8,16,0.5,10,42,24,6,5,13,24
1554,POR,15,11/22/2015,Away,LAL,W,107,93,43,87,0.494,8,25,0.32,13,17,0.765,7,43,27,7,8,10,18,32,88,0.364,6,18,0.333,23,27,0.852,15,51,17,2,6,10,12
1654,POR,16,11/24/2015,Home,CHI,L,88,93,31,88,0.352,6,22,0.273,20,27,0.741,16,55,18,5,9,14,21,33,86,0.384,7,18,0.389,20,23,0.87,6,44,19,6,3,10,18
1754,POR,17,11/28/2015,Home,LAL,W,108,96,38,78,0.487,12,30,0.4,20,26,0.769,12,46,24,5,2,16,16,36,82,0.439,7,23,0.304,17,23,0.739,6,33,20,12,2,9,19
1854,POR,18,11/30/2015,Away,LAC,L,87,102,33,87,0.379,5,23,0.217,16,27,0.593,13,54,18,6,2,18,38,33,85,0.388,8,19,0.421,28,56,0.5,18,55,26,7,5,10,22
1954,POR,19,12/1/2015,Home,DAL,L,112,115,41,100,0.41,15,40,0.375,15,17,0.882,13,50,24,6,1,15,23,43,94,0.457,9,29,0.31,20,24,0.833,12,49,23,7,5,12,17
2054,POR,20,12/3/2015,Home,IND,W,123,111,44,85,0.518,18,36,0.5,17,20,0.85,15,48,26,11,3,15,20,38,88,0.432,13,30,0.433,22,24,0.917,15,41,18,4,3,12,17
2187,POR,21,12/5/2015,Away,MIN,W,109,103,39,77,0.506,10,20,0.5,21,30,0.7,8,40,23,7,3,14,21,38,83,0.458,5,15,0.333,22,26,0.846,13,45,24,3,4,14,24
2256,POR,22,12/7/2015,Away,MIL,L,88,90,33,85,0.388,8,33,0.242,14,18,0.778,15,46,21,10,7,17,25,30,73,0.411,4,13,0.308,26,33,0.788,10,45,22,8,7,16,19
2354,POR,23,12/8/2015,Away,CLE,L,100,105,40,79,0.506,11,26,0.423,9,16,0.563,10,36,21,3,2,18,25,40,79,0.506,9,21,0.429,16,20,0.8,6,30,18,10,4,8,18
2454,POR,24,12/11/2015,Away,PHO,W,106,96,45,96,0.469,12,34,0.353,4,7,0.571,14,51,23,7,3,12,14,36,83,0.434,13,35,0.371,11,18,0.611,8,40,21,8,7,9,9
2554,POR,25,12/12/2015,Home,NYK,L,110,112,41,89,0.461,6,21,0.286,22,29,0.759,14,39,15,4,0,7,22,39,75,0.52,9,21,0.429,25,28,0.893,7,34,17,3,3,11,22
2654,POR,26,12/14/2015,Home,NOP,W,105,101,35,81,0.432,13,32,0.406,22,29,0.759,10,50,28,7,5,15,21,36,82,0.439,8,25,0.32,21,27,0.778,5,41,15,9,9,9,22
2754,POR,27,12/16/2015,Away,OKC,L,90,106,32,92,0.348,11,26,0.423,15,18,0.833,17,47,13,6,3,18,28,38,79,0.481,2,14,0.143,28,37,0.757,14,51,13,6,8,18,20
2854,POR,28,12/18/2015,Away,ORL,L,94,102,32,73,0.438,11,32,0.344,19,26,0.731,7,42,21,3,2,19,23,39,84,0.464,2,15,0.133,22,31,0.71,13,48,19,11,5,13,18
2954,POR,29,12/20/2015,Away,MIA,L,109,116,39,80,0.488,13,34,0.382,18,22,0.818,10,42,23,7,0,19,24,43,75,0.573,12,23,0.522,18,26,0.692,5,30,26,11,7,11,14
3054,POR,30,12/21/2015,Away,ATL,L,97,106,38,81,0.469,5,24,0.208,16,22,0.727,14,50,24,5,4,18,20,37,77,0.481,9,29,0.31,23,28,0.821,2,31,21,8,1,10,17
3187,POR,31,12/23/2015,Away,NOP,L,89,115,33,95,0.347,7,28,0.25,16,24,0.667,22,58,16,7,7,13,22,41,85,0.482,13,31,0.419,20,23,0.87,8,49,27,5,8,11,17
3256,POR,32,12/26/2015,Home,CLE,W,105,76,41,89,0.461,9,22,0.409,14,19,0.737,10,49,28,9,3,8,12,28,77,0.364,11,31,0.355,9,15,0.6,9,42,21,4,2,17,20
3354,POR,33,12/27/2015,Away,SAC,W,98,94,38,92,0.413,10,33,0.303,12,16,0.75,14,52,19,13,5,18,23,30,76,0.395,9,24,0.375,25,31,0.806,7,43,22,10,5,22,22
3454,POR,34,12/30/2015,Home,DEN,W,110,103,41,87,0.471,12,32,0.375,16,20,0.8,12,47,22,8,6,14,18,37,87,0.425,12,27,0.444,17,19,0.895,12,44,20,9,5,14,16
3554,POR,35,12/31/2015,Away,UTA,L,96,109,35,78,0.449,16,36,0.444,10,14,0.714,8,39,19,1,0,10,16,43,86,0.5,15,33,0.455,8,11,0.727,12,42,19,7,5,5,18
3654,POR,36,1/3/2016,Away,DEN,W,112,106,40,78,0.513,10,23,0.435,22,32,0.688,7,41,23,4,3,10,34,34,80,0.425,7,22,0.318,31,48,0.646,15,41,20,7,6,8,25
3754,POR,37,1/4/2016,Home,MEM,L,78,91,28,72,0.389,7,28,0.25,15,24,0.625,7,42,14,7,4,21,19,35,91,0.385,3,15,0.2,18,26,0.692,17,52,21,10,3,11,19
3854,POR,38,1/6/2016,Home,LAC,L,98,109,38,86,0.442,9,26,0.346,13,23,0.565,17,49,21,5,4,13,18,42,83,0.506,11,23,0.478,14,17,0.824,10,42,24,7,6,10,22
3954,POR,39,1/8/2016,Home,GSW,L,108,128,38,96,0.396,12,33,0.364,20,28,0.714,12,45,21,12,4,9,17,46,87,0.529,18,32,0.563,18,21,0.857,5,48,36,6,5,15,20
4054,POR,40,1/10/2016,Home,OKC,W,115,110,42,100,0.42,19,44,0.432,12,14,0.857,20,52,27,7,4,16,28,37,76,0.487,10,21,0.476,26,36,0.722,8,42,23,8,6,19,16
4187,POR,41,1/13/2016,Home,UTA,W,99,85,39,88,0.443,11,26,0.423,10,15,0.667,17,54,25,7,10,13,20,31,76,0.408,8,19,0.421,15,22,0.682,10,38,20,8,6,14,15
4256,POR,42,1/15/2016,Away,BRK,W,116,104,47,93,0.505,15,35,0.429,7,11,0.636,12,42,26,7,5,9,18,38,85,0.447,8,19,0.421,20,28,0.714,16,46,22,6,5,12,10
4354,POR,43,1/16/2016,Away,PHI,L,89,114,34,87,0.391,5,29,0.172,16,24,0.667,9,38,17,6,4,13,22,42,76,0.553,10,23,0.435,20,30,0.667,3,45,27,9,8,13,25
4454,POR,44,1/18/2016,Away,WAS,W,108,98,43,84,0.512,17,31,0.548,5,11,0.455,9,48,25,5,2,15,24,37,77,0.481,9,21,0.429,15,20,0.75,4,35,25,6,3,9,16
4554,POR,45,1/20/2016,Home,ATL,L,98,104,41,94,0.436,9,31,0.29,7,11,0.636,13,50,23,5,4,12,18,39,87,0.448,10,24,0.417,16,23,0.696,10,43,25,7,3,13,13
4654,POR,46,1/23/2016,Home,LAL,W,121,103,47,93,0.505,10,31,0.323,17,22,0.773,14,42,26,12,1,8,22,34,69,0.493,7,17,0.412,28,32,0.875,4,30,14,4,6,18,20
4754,POR,47,1/26/2016,Home,SAC,W,112,97,44,90,0.489,9,30,0.3,15,19,0.789,10,48,28,6,8,12,23,36,86,0.419,7,19,0.368,18,32,0.563,10,45,26,7,5,13,18
4854,POR,48,1/29/2016,Home,CHO,W,109,91,45,92,0.489,7,20,0.35,12,16,0.75,13,51,24,10,4,11,21,31,80,0.388,10,29,0.345,19,28,0.679,14,47,17,9,4,16,12
4954,POR,49,1/31/2016,Home,MIN,W,96,93,32,76,0.421,6,27,0.222,26,30,0.867,8,37,16,7,5,13,21,35,80,0.438,4,16,0.25,19,28,0.679,15,49,20,10,4,16,23
5054,POR,50,2/2/2016,Home,MIL,W,107,95,39,85,0.459,11,31,0.355,18,25,0.72,10,49,25,6,7,15,23,38,86,0.442,5,14,0.357,14,24,0.583,12,43,23,7,4,13,18
5187,POR,51,2/4/2016,Home,TOR,L,103,110,38,81,0.469,10,25,0.4,17,23,0.739,10,40,21,8,6,14,20,40,85,0.471,12,19,0.632,18,25,0.72,12,45,23,7,6,14,18
5256,POR,52,2/6/2016,Away,HOU,W,96,79,35,87,0.402,11,35,0.314,15,23,0.652,20,54,21,15,6,21,21,25,77,0.325,7,36,0.194,22,30,0.733,12,43,13,13,4,23,21
5354,POR,53,2/8/2016,Away,MEM,W,112,106,44,89,0.494,10,29,0.345,14,20,0.7,8,37,22,9,6,13,23,43,86,0.5,7,19,0.368,13,19,0.684,5,39,18,5,3,15,24
5454,POR,54,2/10/2016,Home,HOU,W,116,103,41,89,0.461,8,28,0.286,26,34,0.765,16,49,21,11,2,13,27,37,77,0.481,11,34,0.324,18,34,0.529,8,40,23,6,3,20,22
5554,POR,55,2/19/2016,Home,GSW,W,137,105,52,97,0.536,17,30,0.567,16,23,0.696,8,48,28,12,4,13,21,36,92,0.391,12,34,0.353,21,28,0.75,14,47,25,7,4,20,17
5654,POR,56,2/21/2016,Home,UTA,W,115,111,39,90,0.433,12,32,0.375,25,38,0.658,23,48,20,7,6,12,21,43,86,0.5,8,16,0.5,17,23,0.739,12,38,19,6,10,11,26
5754,POR,57,2/23/2016,Home,BRK,W,112,104,40,80,0.5,10,23,0.435,22,25,0.88,7,40,24,6,6,15,18,43,90,0.478,3,12,0.25,15,19,0.789,12,47,18,10,2,13,20
5854,POR,58,2/25/2016,Home,HOU,L,105,119,37,80,0.463,13,35,0.371,18,22,0.818,11,40,22,4,3,21,30,44,82,0.537,10,29,0.345,21,35,0.6,12,46,26,14,5,16,25
5954,POR,59,2/27/2016,Away,CHI,W,103,95,38,87,0.437,5,21,0.238,22,27,0.815,8,47,20,6,7,10,17,39,94,0.415,7,22,0.318,10,12,0.833,10,50,33,4,6,9,21
6054,POR,60,2/28/2016,Away,IND,W,111,102,41,81,0.506,14,24,0.583,15,21,0.714,8,45,19,4,7,12,20,40,93,0.43,3,14,0.214,19,25,0.76,19,52,21,7,5,9,17
6187,POR,61,3/1/2016,Away,NYK,W,104,85,37,88,0.42,12,30,0.4,18,20,0.9,9,55,17,5,7,7,18,33,88,0.375,6,21,0.286,13,18,0.722,8,46,11,4,4,8,17
6256,POR,62,3/2/2016,Away,BOS,L,93,116,34,84,0.405,11,29,0.379,14,20,0.7,12,48,15,4,7,14,21,43,107,0.402,7,26,0.269,23,24,0.958,19,57,20,9,8,5,16
6354,POR,63,3/4/2016,Away,TOR,L,115,117,39,83,0.47,11,27,0.407,26,35,0.743,10,36,14,5,3,11,35,34,67,0.507,6,12,0.5,43,54,0.796,9,38,12,5,4,13,30
6454,POR,64,3/6/2016,Away,DET,L,103,123,35,78,0.449,11,31,0.355,22,23,0.957,3,31,18,8,0,13,23,44,84,0.524,12,22,0.545,23,28,0.821,10,45,22,7,1,12,23
6554,POR,65,3/8/2016,Home,WAS,W,116,109,41,89,0.461,10,24,0.417,24,31,0.774,13,53,24,2,4,20,27,45,99,0.455,8,20,0.4,11,23,0.478,12,45,26,9,5,12,28
6654,POR,66,3/11/2016,Away,GSW,L,112,128,37,86,0.43,19,36,0.528,19,23,0.826,7,39,20,4,4,8,23,40,89,0.449,18,40,0.45,30,39,0.769,16,56,23,5,6,8,20
6754,POR,67,3/12/2016,Home,ORL,W,121,84,47,84,0.56,17,35,0.486,10,11,0.909,9,51,34,2,3,15,20,34,91,0.374,7,26,0.269,9,18,0.5,11,39,19,6,4,15,16
6854,POR,68,3/14/2016,Away,OKC,L,94,128,31,91,0.341,7,27,0.259,25,27,0.926,14,39,13,4,7,11,19,49,83,0.59,9,17,0.529,21,26,0.808,10,52,31,10,6,13,20
6954,POR,69,3/17/2016,Away,SAS,L,110,118,39,89,0.438,10,22,0.455,22,30,0.733,14,49,23,5,6,13,22,45,86,0.523,8,16,0.5,20,22,0.909,4,37,35,8,11,7,24
7054,POR,70,3/18/2016,Away,NOP,W,117,112,36,78,0.462,9,27,0.333,36,40,0.9,6,45,17,4,3,12,26,40,83,0.482,10,21,0.476,22,28,0.786,3,34,23,7,4,7,26
7187,POR,71,3/20/2016,Away,DAL,L,120,132,42,104,0.404,18,46,0.391,18,28,0.643,22,52,25,9,4,14,22,49,89,0.551,15,25,0.6,19,23,0.826,8,50,31,7,8,16,21
7256,POR,72,3/23/2016,Home,DAL,W,109,103,40,89,0.449,7,27,0.259,22,25,0.88,11,46,19,12,8,13,12,42,96,0.438,9,30,0.3,10,11,0.909,11,47,21,8,6,17,17
7354,POR,73,3/24/2016,Away,LAC,L,94,96,32,80,0.4,6,24,0.25,24,32,0.75,9,41,18,10,5,15,25,37,82,0.451,4,19,0.211,18,28,0.643,11,47,21,9,5,16,29
7454,POR,74,3/26/2016,Home,PHI,W,108,105,38,91,0.418,8,25,0.32,24,30,0.8,11,56,21,9,5,10,21,39,93,0.419,10,38,0.263,17,24,0.708,10,53,21,5,6,13,22
7554,POR,75,3/28/2016,Home,SAC,W,105,93,38,80,0.475,14,29,0.483,15,18,0.833,5,42,25,6,10,19,23,37,89,0.416,7,15,0.467,12,19,0.632,11,43,20,11,2,14,20
7654,POR,76,3/31/2016,Home,BOS,W,116,109,41,90,0.456,14,34,0.412,20,27,0.741,15,50,26,9,10,15,20,37,88,0.42,9,24,0.375,26,34,0.765,16,48,20,12,6,15,25
7754,POR,77,4/2/2016,Home,MIA,W,110,93,41,79,0.519,10,15,0.667,18,23,0.783,8,45,21,9,4,15,19,34,88,0.386,6,19,0.316,19,27,0.704,12,42,16,9,4,13,17
7854,POR,78,4/3/2016,Away,GSW,L,111,136,38,85,0.447,9,24,0.375,26,33,0.788,11,37,23,8,4,13,16,50,88,0.568,18,30,0.6,18,22,0.818,11,43,30,5,8,12,23
7954,POR,79,4/5/2016,Away,SAC,W,115,107,40,93,0.43,12,31,0.387,23,27,0.852,19,49,20,12,7,14,19,41,78,0.526,11,22,0.5,14,21,0.667,3,34,20,6,7,19,19
8054,POR,80,4/6/2016,Home,OKC,W,120,115,43,84,0.512,15,33,0.455,19,24,0.792,9,39,32,11,6,15,23,43,91,0.473,9,22,0.409,20,31,0.645,19,50,18,9,2,17,20
8155,POR,81,4/9/2016,Home,MIN,L,105,106,40,80,0.5,9,24,0.375,16,18,0.889,11,37,19,2,4,17,20,41,84,0.488,5,13,0.385,19,25,0.76,13,37,24,8,7,11,18
8254,POR,82,4/13/2016,Home,DEN,W,107,99,39,89,0.438,11,36,0.306,18,22,0.818,13,45,19,11,8,15,19,40,94,0.426,7,25,0.28,12,18,0.667,20,53,24,10,6,20,19
1299,POR,1,10/25/2016,Home,UTA,W,113,104,39,75,0.52,13,19,0.684,22,22,1,5,34,22,5,3,12,18,40,82,0.488,8,24,0.333,16,16,1,6,31,19,9,5,11,19
2299,POR,2,10/27/2016,Home,LAC,L,106,114,39,85,0.459,4,18,0.222,24,32,0.75,9,48,18,4,4,14,34,37,91,0.407,8,29,0.276,32,46,0.696,15,48,12,10,4,7,25
3299,POR,3,10/29/2016,Away,DEN,W,115,113,45,98,0.459,10,32,0.313,15,21,0.714,5,45,23,10,8,15,30,38,100,0.38,6,23,0.261,31,39,0.795,16,61,19,10,5,17,21
4299,POR,4,11/1/2016,Home,GSW,L,104,127,37,86,0.43,14,39,0.359,16,21,0.762,6,32,23,12,4,18,17,50,89,0.562,10,26,0.385,17,23,0.739,7,45,36,14,4,16,19
5299,POR,5,11/2/2016,Away,PHO,L,115,118,42,101,0.416,12,33,0.364,19,21,0.905,10,53,25,8,8,14,23,44,103,0.427,5,16,0.313,25,30,0.833,14,59,15,10,5,12,20
6299,POR,6,11/4/2016,Away,DAL,W,105,95,36,80,0.45,12,31,0.387,21,26,0.808,7,42,21,9,3,14,20,34,83,0.41,10,28,0.357,17,20,0.85,7,44,18,5,3,12,21
7299,POR,7,11/6/2016,Away,MEM,W,100,94,32,71,0.451,14,33,0.424,22,27,0.815,5,37,19,7,5,15,25,31,81,0.383,6,26,0.231,26,32,0.813,12,44,15,9,5,13,20
8103,POR,8,11/8/2016,Home,PHO,W,124,121,45,81,0.556,14,31,0.452,20,28,0.714,7,35,22,5,4,20,27,43,86,0.5,7,21,0.333,28,33,0.848,15,41,18,10,2,16,27
984,POR,9,11/9/2016,Away,LAC,L,80,111,31,88,0.352,6,30,0.2,12,14,0.857,11,47,16,4,3,14,23,38,87,0.437,11,32,0.344,24,33,0.727,14,55,24,9,7,7,15
1084,POR,10,11/11/2016,Home,SAC,W,122,120,45,86,0.523,13,33,0.394,19,27,0.704,7,36,29,8,4,11,24,43,88,0.489,6,21,0.286,28,35,0.8,13,48,18,7,3,15,21
11123,POR,11,11/13/2016,Home,DEN,W,112,105,39,99,0.394,8,29,0.276,26,32,0.813,14,44,21,8,8,7,23,36,91,0.396,11,29,0.379,22,29,0.759,16,59,11,4,6,18,25
12100,POR,12,11/15/2016,Home,CHI,L,88,113,34,95,0.358,9,34,0.265,11,18,0.611,15,49,17,8,4,11,18,41,98,0.418,7,20,0.35,24,28,0.857,19,67,16,7,4,10,19
1384,POR,13,11/17/2016,Away,HOU,L,109,126,41,90,0.456,10,28,0.357,17,21,0.81,10,41,24,6,4,12,19,46,95,0.484,14,32,0.438,20,25,0.8,17,54,26,6,6,13,17
1484,POR,14,11/18/2016,Away,NOP,L,101,113,33,88,0.375,12,34,0.353,23,26,0.885,13,48,19,2,1,14,21,45,82,0.549,9,24,0.375,14,20,0.7,1,37,31,9,12,8,21
1584,POR,15,11/20/2016,Away,BRK,W,129,109,49,85,0.576,15,36,0.417,16,21,0.762,8,50,23,4,7,15,30,37,93,0.398,10,35,0.286,25,31,0.806,11,36,22,5,3,9,20
1684,POR,16,11/22/2016,Away,NYK,L,103,107,38,86,0.442,6,22,0.273,21,26,0.808,11,44,18,5,5,16,13,45,96,0.469,9,29,0.31,8,8,1,10,43,26,8,5,13,23
1784,POR,17,11/23/2016,Away,CLE,L,125,137,47,90,0.522,13,29,0.448,18,19,0.947,9,38,27,6,6,9,23,48,90,0.533,21,36,0.583,20,27,0.741,9,41,30,6,3,10,15
1884,POR,18,11/25/2016,Home,NOP,W,119,104,47,100,0.47,12,32,0.375,13,17,0.765,12,52,30,7,5,11,20,36,76,0.474,13,23,0.565,19,29,0.655,2,34,20,3,8,14,14
1984,POR,19,11/27/2016,Home,HOU,L,114,130,40,83,0.482,12,33,0.364,22,29,0.759,8,35,24,7,2,14,24,46,82,0.561,17,36,0.472,21,28,0.75,7,36,26,7,8,11,23
2084,POR,20,11/30/2016,Home,IND,W,131,109,51,94,0.543,12,32,0.375,17,19,0.895,14,40,29,13,2,6,23,36,72,0.5,6,14,0.429,31,35,0.886,4,32,19,3,4,15,14
21123,POR,21,12/3/2016,Home,MIA,W,99,92,36,89,0.404,9,24,0.375,18,24,0.75,12,47,19,6,9,8,17,38,86,0.442,6,22,0.273,10,15,0.667,8,46,23,6,6,13,14
22100,POR,22,12/5/2016,Away,CHI,W,112,110,45,93,0.484,9,24,0.375,13,18,0.722,10,38,25,9,8,9,27,35,83,0.422,7,23,0.304,33,38,0.868,15,50,16,8,11,15,17
2384,POR,23,12/7/2016,Away,MIL,L,107,115,37,85,0.435,17,40,0.425,16,19,0.842,10,44,25,7,4,15,22,40,77,0.519,10,24,0.417,25,37,0.676,5,41,19,8,7,10,13
2484,POR,24,12/8/2016,Away,MEM,L,86,88,25,82,0.305,7,28,0.25,29,40,0.725,13,52,13,6,3,12,23,31,87,0.356,6,20,0.3,20,30,0.667,15,58,13,8,2,12,28
2584,POR,25,12/10/2016,Away,IND,L,111,118,40,82,0.488,16,37,0.432,15,16,0.938,9,41,22,6,4,17,20,40,83,0.482,15,29,0.517,23,28,0.821,10,39,24,11,9,13,13
2684,POR,26,12/12/2016,Away,LAC,L,120,121,44,87,0.506,10,21,0.476,22,25,0.88,13,42,25,6,7,15,24,42,89,0.472,11,23,0.478,26,28,0.929,13,38,26,9,8,12,20
2784,POR,27,12/13/2016,Home,OKC,W,114,95,43,80,0.538,8,23,0.348,20,27,0.741,8,37,23,11,9,14,26,33,87,0.379,8,27,0.296,21,28,0.75,16,43,18,10,2,21,21
2884,POR,28,12/15/2016,Away,DEN,L,120,132,41,88,0.466,8,23,0.348,30,36,0.833,15,41,22,6,4,14,25,43,84,0.512,15,31,0.484,31,35,0.886,5,36,27,10,4,15,28
2984,POR,29,12/17/2016,Away,GSW,L,90,135,34,86,0.395,8,28,0.286,14,20,0.7,7,31,16,7,4,11,19,51,87,0.586,14,28,0.5,19,26,0.731,9,56,36,7,5,15,16
3084,POR,30,12/20/2016,Away,SAC,L,121,126,44,86,0.512,4,28,0.143,29,40,0.725,15,41,30,5,4,8,31,40,72,0.556,10,23,0.435,36,43,0.837,4,31,20,3,4,10,28
31123,POR,31,12/21/2016,Home,DAL,L,95,96,32,72,0.444,10,27,0.37,21,28,0.75,9,43,15,6,4,17,20,35,83,0.422,7,31,0.226,19,23,0.826,10,38,14,12,5,10,20
32100,POR,32,12/23/2016,Home,SAS,L,90,110,35,79,0.443,12,30,0.4,8,16,0.5,10,33,21,8,2,15,19,39,78,0.5,12,20,0.6,20,21,0.952,13,45,19,9,3,12,17
3384,POR,33,12/26/2016,Home,TOR,L,91,95,35,83,0.422,8,23,0.348,13,18,0.722,11,54,22,8,4,18,22,32,95,0.337,12,34,0.353,19,24,0.792,14,52,17,11,4,12,12
3484,POR,34,12/28/2016,Home,SAC,W,102,89,35,74,0.473,12,25,0.48,20,22,0.909,5,45,19,6,4,15,16,31,79,0.392,9,28,0.321,18,23,0.783,6,39,20,8,3,11,20
3584,POR,35,12/30/2016,Away,SAS,L,94,110,35,77,0.455,6,20,0.3,18,21,0.857,2,25,19,10,3,11,23,39,78,0.5,11,22,0.5,21,25,0.84,11,48,22,7,5,16,18
3684,POR,36,1/1/2017,Away,MIN,W,95,89,36,73,0.493,6,22,0.273,17,28,0.607,4,41,13,10,8,14,19,35,87,0.402,7,23,0.304,12,18,0.667,13,47,21,11,5,16,25
3784,POR,37,1/4/2017,Away,GSW,L,117,125,40,89,0.449,12,26,0.462,25,28,0.893,11,44,23,8,5,17,26,44,87,0.506,13,36,0.361,24,29,0.828,8,39,31,14,9,15,20
3884,POR,38,1/5/2017,Home,LAL,W,118,109,43,81,0.531,12,33,0.364,20,30,0.667,8,47,29,6,5,13,21,36,86,0.419,10,31,0.323,27,33,0.818,10,40,15,7,3,11,25
3984,POR,39,1/8/2017,Home,DET,L,124,125,51,98,0.52,15,35,0.429,7,12,0.583,7,42,36,5,5,16,11,54,105,0.514,8,25,0.32,9,12,0.75,6,41,19,14,3,9,16
4084,POR,40,1/10/2017,Away,LAL,W,108,87,43,85,0.506,7,21,0.333,15,20,0.75,9,50,25,6,9,11,21,32,83,0.386,9,24,0.375,14,26,0.538,9,38,18,7,5,10,18
41123,POR,41,1/11/2017,Home,CLE,W,102,86,40,93,0.43,10,30,0.333,12,16,0.75,13,51,29,6,9,9,17,28,82,0.341,9,30,0.3,21,28,0.75,13,48,14,5,4,15,20
42100,POR,42,1/13/2017,Home,ORL,L,109,115,39,97,0.402,10,34,0.294,21,25,0.84,12,43,19,6,9,9,20,41,83,0.494,10,18,0.556,23,26,0.885,9,45,21,5,5,15,19
4384,POR,43,1/16/2017,Away,WAS,L,101,120,37,88,0.42,8,26,0.308,19,25,0.76,14,45,22,6,5,15,20,42,86,0.488,13,23,0.565,23,25,0.92,12,51,26,10,5,12,18
4484,POR,44,1/18/2017,Away,CHO,L,85,107,33,94,0.351,8,31,0.258,11,11,1,15,50,18,10,12,15,11,41,87,0.471,11,26,0.423,14,17,0.824,8,51,28,11,7,12,13
4584,POR,45,1/20/2017,Away,PHI,L,92,93,33,89,0.371,6,19,0.316,20,28,0.714,12,46,16,8,6,13,20,36,92,0.391,12,29,0.414,9,16,0.563,13,53,25,6,8,19,21
4684,POR,46,1/21/2017,Away,BOS,W,127,123,43,92,0.467,10,25,0.4,31,36,0.861,9,37,26,12,4,14,26,42,92,0.457,13,35,0.371,26,31,0.839,14,47,26,6,2,21,29
4784,POR,47,1/25/2017,Home,LAL,W,105,98,43,90,0.478,4,15,0.267,15,20,0.75,9,49,17,5,4,11,12,37,94,0.394,11,30,0.367,13,14,0.929,14,51,16,5,9,13,17
4884,POR,48,1/27/2017,Home,MEM,W,112,109,38,81,0.469,16,35,0.457,20,21,0.952,8,33,24,2,3,12,26,37,77,0.481,9,26,0.346,26,33,0.788,10,42,24,6,5,11,19
4984,POR,49,1/29/2017,Home,GSW,L,111,113,46,93,0.495,10,27,0.37,9,12,0.75,9,42,26,11,2,18,24,36,79,0.456,8,26,0.308,33,39,0.846,8,39,28,13,6,18,18
5084,POR,50,1/31/2017,Home,CHO,W,115,98,42,93,0.452,11,31,0.355,20,23,0.87,11,51,23,8,2,8,18,33,83,0.398,11,31,0.355,21,25,0.84,3,42,20,3,6,9,13
51123,POR,51,2/3/2017,Home,DAL,L,104,108,40,88,0.455,9,30,0.3,15,20,0.75,12,44,16,3,4,9,19,36,76,0.474,17,31,0.548,19,23,0.826,2,36,15,3,4,4,24
52100,POR,52,2/5/2017,Away,OKC,L,99,105,35,87,0.402,10,28,0.357,19,21,0.905,11,44,15,6,4,12,22,40,98,0.408,4,18,0.222,21,28,0.75,17,56,18,9,5,12,17
5384,POR,53,2/7/2017,Away,DAL,W,114,113,42,86,0.488,11,28,0.393,19,24,0.792,18,55,17,6,2,15,26,37,75,0.493,12,28,0.429,27,32,0.844,2,30,16,6,6,7,22
5484,POR,54,2/9/2017,Home,BOS,L,111,120,39,77,0.506,9,26,0.346,24,31,0.774,10,41,23,4,6,15,23,44,91,0.484,10,30,0.333,22,27,0.815,14,43,23,8,1,8,21
5584,POR,55,2/13/2017,Home,ATL,L,104,109,37,103,0.359,16,42,0.381,14,25,0.56,22,66,22,4,4,14,34,32,83,0.386,8,28,0.286,37,48,0.771,7,52,20,9,11,9,23
5684,POR,56,2/15/2017,Away,UTA,L,88,111,32,79,0.405,9,22,0.409,15,20,0.75,9,41,14,9,3,16,21,42,81,0.519,11,22,0.5,16,23,0.696,9,46,19,9,5,14,17
5784,POR,57,2/23/2017,Away,ORL,W,112,103,41,81,0.506,9,18,0.5,21,27,0.778,9,45,20,8,7,19,25,34,86,0.395,7,22,0.318,28,39,0.718,13,40,18,8,4,14,21
5884,POR,58,2/26/2017,Away,TOR,L,106,112,35,79,0.443,9,21,0.429,27,35,0.771,8,39,16,6,5,9,26,42,78,0.538,7,20,0.35,21,27,0.778,5,39,16,7,5,10,24
5984,POR,59,2/28/2017,Away,DET,L,113,120,44,84,0.524,10,25,0.4,15,22,0.682,8,50,25,5,5,24,25,45,104,0.433,7,25,0.28,23,31,0.742,16,48,23,13,2,7,19
6084,POR,60,3/2/2017,Home,OKC,W,114,109,39,79,0.494,10,25,0.4,26,35,0.743,9,45,19,9,7,14,19,34,86,0.395,11,29,0.379,30,32,0.938,12,40,11,9,7,12,25
61123,POR,61,3/4/2017,Home,BRK,W,130,116,49,86,0.57,16,25,0.64,16,22,0.727,6,37,29,9,6,12,13,45,86,0.523,14,30,0.467,12,17,0.706,8,31,24,7,6,13,22
62100,POR,62,3/7/2017,Away,OKC,W,126,121,47,85,0.553,11,23,0.478,21,27,0.778,12,36,24,7,5,11,23,44,85,0.518,10,25,0.4,23,30,0.767,12,39,16,4,1,17,25
6384,POR,63,3/9/2017,Home,PHI,W,114,108,40,88,0.455,6,21,0.286,28,33,0.848,16,55,25,8,12,19,22,41,94,0.436,11,29,0.379,15,20,0.75,12,44,18,10,3,16,29
6484,POR,64,3/11/2017,Home,WAS,L,124,125,48,94,0.511,16,32,0.5,12,16,0.75,7,43,26,4,5,14,19,47,90,0.522,12,25,0.48,19,28,0.679,9,46,27,5,4,11,20
6584,POR,65,3/12/2017,Away,PHO,W,110,101,43,86,0.5,7,22,0.318,17,25,0.68,9,49,14,7,5,14,24,41,93,0.441,5,14,0.357,14,20,0.7,6,41,20,5,3,9,21
6684,POR,66,3/14/2017,Away,NOP,L,77,100,23,76,0.303,11,32,0.344,20,26,0.769,8,48,13,3,1,16,20,38,80,0.475,6,21,0.286,18,30,0.6,4,49,19,10,8,5,18
6784,POR,67,3/15/2017,Away,SAS,W,110,106,38,80,0.475,9,22,0.409,25,28,0.893,8,39,21,10,1,11,16,42,88,0.477,11,26,0.423,11,15,0.733,10,41,28,7,5,14,20
6884,POR,68,3/18/2017,Away,ATL,W,113,97,44,87,0.506,8,18,0.444,17,19,0.895,13,54,23,9,9,20,22,32,88,0.364,7,26,0.269,26,32,0.813,12,35,22,13,7,13,12
6984,POR,69,3/19/2017,Away,MIA,W,115,104,42,83,0.506,13,26,0.5,18,24,0.75,13,43,13,4,6,11,20,41,88,0.466,9,30,0.3,13,20,0.65,13,39,18,8,8,9,22
7084,POR,70,3/21/2017,Home,MIL,L,90,93,35,83,0.422,4,21,0.19,16,26,0.615,13,49,15,8,6,14,14,38,90,0.422,7,16,0.438,10,12,0.833,13,49,16,8,8,13,22
71123,POR,71,3/23/2017,Home,NYK,W,110,95,39,80,0.488,11,21,0.524,21,29,0.724,10,50,15,8,2,13,20,36,88,0.409,5,22,0.227,18,20,0.9,9,40,23,5,9,11,20
72100,POR,72,3/25/2017,Home,MIN,W,112,100,45,71,0.634,11,22,0.5,11,17,0.647,4,35,24,5,3,14,20,37,76,0.487,2,10,0.2,24,32,0.75,6,27,15,10,3,7,14
7384,POR,73,3/26/2017,Away,LAL,W,97,81,36,89,0.404,12,28,0.429,13,18,0.722,12,61,24,8,4,13,16,33,84,0.393,5,21,0.238,10,17,0.588,1,42,19,6,3,10,17
7484,POR,74,3/28/2017,Home,DEN,W,122,113,45,91,0.495,8,27,0.296,24,33,0.727,15,47,15,8,5,9,18,44,94,0.468,9,30,0.3,16,20,0.8,12,47,23,3,6,12,24
7584,POR,75,3/30/2017,Home,HOU,W,117,107,43,90,0.478,13,33,0.394,18,22,0.818,11,41,24,12,8,12,16,40,91,0.44,8,34,0.235,19,23,0.826,13,42,18,9,3,18,20
7684,POR,76,4/1/2017,Home,PHO,W,130,117,43,92,0.467,15,37,0.405,29,31,0.935,11,41,21,12,3,12,23,44,84,0.524,3,10,0.3,26,32,0.813,13,43,17,8,6,17,26
7784,POR,77,4/3/2017,Away,MIN,L,109,110,38,86,0.442,11,32,0.344,22,25,0.88,11,35,24,7,9,5,18,41,84,0.488,4,9,0.444,24,28,0.857,12,44,26,3,5,11,18
7884,POR,78,4/4/2017,Away,UTA,L,87,106,33,83,0.398,6,26,0.231,15,17,0.882,7,29,10,8,5,7,20,39,74,0.527,13,23,0.565,15,19,0.789,7,47,21,4,6,14,16
7984,POR,79,4/6/2017,Home,MIN,W,105,98,35,81,0.432,14,33,0.424,21,26,0.808,4,41,19,8,4,12,20,38,87,0.437,4,18,0.222,18,20,0.9,9,47,16,7,4,13,20
8084,POR,80,4/8/2017,Home,UTA,W,101,86,37,91,0.407,13,30,0.433,14,16,0.875,12,47,15,5,6,3,16,31,78,0.397,6,19,0.316,18,24,0.75,9,47,19,2,9,10,18
8185,POR,81,4/10/2017,Home,SAS,W,99,98,37,89,0.416,12,27,0.444,13,15,0.867,12,42,18,6,3,9,17,38,83,0.458,8,21,0.381,14,20,0.7,13,47,17,4,9,15,15
8284,POR,82,4/12/2017,Home,NOP,L,100,103,41,85,0.482,13,30,0.433,5,13,0.385,14,53,22,4,2,23,18,40,90,0.444,8,24,0.333,15,21,0.714,11,42,20,13,3,11,17
1506,POR,1,10/18/2017,Away,PHO,W,124,76,44,90,0.489,14,24,0.583,22,28,0.786,15,57,22,8,7,16,20,28,89,0.315,7,27,0.259,13,18,0.722,10,33,10,9,8,16,22
2506,POR,2,10/20/2017,Away,IND,W,114,96,46,95,0.484,9,19,0.474,13,17,0.765,11,51,19,5,6,9,26,35,78,0.449,4,18,0.222,22,33,0.667,6,39,15,1,4,12,17
3506,POR,3,10/21/2017,Away,MIL,L,110,113,34,81,0.42,11,28,0.393,31,35,0.886,13,42,18,10,6,16,22,42,80,0.525,7,18,0.389,22,30,0.733,7,35,22,9,8,14,23
4506,POR,4,10/24/2017,Home,NOP,W,103,93,33,88,0.375,10,29,0.345,27,33,0.818,18,63,17,7,7,18,22,30,76,0.395,9,30,0.3,24,32,0.75,4,42,17,5,7,17,26
5506,POR,5,10/26/2017,Home,LAC,L,103,104,35,89,0.393,14,31,0.452,19,22,0.864,16,44,19,5,4,9,26,36,77,0.468,9,28,0.321,23,36,0.639,14,46,11,4,5,11,19
6506,POR,6,10/28/2017,Home,PHO,W,114,107,40,91,0.44,11,26,0.423,23,28,0.821,12,53,27,8,7,14,26,37,87,0.425,9,26,0.346,24,30,0.8,12,46,21,12,7,17,23
7506,POR,7,10/30/2017,Home,TOR,L,85,99,31,80,0.388,8,26,0.308,15,19,0.789,6,38,13,5,7,13,15,39,87,0.448,8,24,0.333,13,17,0.765,8,47,17,10,9,9,14
8309,POR,8,11/1/2017,Away,UTA,L,103,112,37,93,0.398,9,34,0.265,20,27,0.741,11,53,17,8,8,17,25,34,90,0.378,13,29,0.448,31,36,0.861,10,55,16,9,8,14,21
9114,POR,9,11/2/2017,Home,LAL,W,113,110,40,86,0.465,9,22,0.409,24,27,0.889,10,41,22,7,4,12,21,43,79,0.544,4,18,0.222,20,27,0.741,2,32,16,8,8,11,20
10114,POR,10,11/5/2017,Home,OKC,W,103,99,37,74,0.5,7,20,0.35,22,28,0.786,7,44,20,6,7,21,20,40,89,0.449,11,33,0.333,8,15,0.533,6,32,17,11,2,11,27
11153,POR,11,11/7/2017,Home,MEM,L,97,98,36,81,0.444,6,19,0.316,19,20,0.95,10,42,11,9,1,16,18,35,73,0.479,7,19,0.368,21,25,0.84,5,34,18,8,10,14,21
12130,POR,12,11/10/2017,Home,BRK,L,97,101,40,95,0.421,8,23,0.348,9,11,0.818,12,51,17,4,4,10,17,39,91,0.429,12,38,0.316,11,19,0.579,11,49,25,7,4,10,13
13117,POR,13,11/13/2017,Home,DEN,W,99,82,38,73,0.521,7,21,0.333,16,18,0.889,8,43,22,12,5,21,18,30,84,0.357,9,32,0.281,13,15,0.867,12,35,13,9,2,20,16
14114,POR,14,11/15/2017,Home,ORL,W,99,94,38,87,0.437,14,27,0.519,9,13,0.692,10,41,21,7,2,12,10,37,79,0.468,11,29,0.379,9,9,1,7,41,19,6,4,15,16
15114,POR,15,11/17/2017,Away,SAC,L,82,86,30,81,0.37,7,25,0.28,15,16,0.938,11,44,13,8,1,17,20,36,85,0.424,4,14,0.286,10,15,0.667,12,43,20,11,5,13,22
16114,POR,16,11/18/2017,Home,SAC,W,102,90,38,70,0.543,10,21,0.476,16,21,0.762,5,44,19,6,8,17,22,34,89,0.382,8,17,0.471,14,18,0.778,9,36,14,9,4,11,24
17114,POR,17,11/20/2017,Away,MEM,W,100,92,33,83,0.398,6,15,0.4,28,32,0.875,15,60,11,1,9,15,23,33,86,0.384,8,30,0.267,18,23,0.783,5,35,23,6,9,8,26
18114,POR,18,11/22/2017,Away,PHI,L,81,101,30,89,0.337,7,26,0.269,14,24,0.583,11,48,14,8,6,17,17,39,90,0.433,11,32,0.344,12,17,0.706,11,57,23,12,8,18,21
19114,POR,19,11/24/2017,Away,BRK,W,127,125,48,96,0.5,6,15,0.4,25,35,0.714,12,45,24,5,13,7,16,50,100,0.5,10,25,0.4,15,21,0.714,13,47,25,4,6,9,22
20114,POR,20,11/25/2017,Away,WAS,W,108,105,41,80,0.513,9,24,0.375,17,22,0.773,6,41,18,3,6,16,16,41,89,0.461,8,23,0.348,15,16,0.938,7,37,20,9,4,11,17
21153,POR,21,11/27/2017,Away,NYK,W,103,91,37,83,0.446,7,21,0.333,22,26,0.846,5,45,18,10,3,9,22,35,88,0.398,5,15,0.333,16,22,0.727,14,51,13,3,3,13,20
22130,POR,22,11/30/2017,Home,MIL,L,91,103,35,83,0.422,6,23,0.261,15,17,0.882,10,50,17,5,3,19,14,42,87,0.483,6,20,0.3,13,15,0.867,5,35,19,11,5,9,20
23117,POR,23,12/2/2017,Home,NOP,L,116,123,47,105,0.448,11,35,0.314,11,11,1,9,44,20,6,3,4,17,45,86,0.523,15,31,0.484,18,25,0.72,4,48,22,2,3,10,16
24114,POR,24,12/5/2017,Home,WAS,L,92,106,32,78,0.41,12,27,0.444,16,21,0.762,7,41,18,2,5,18,20,42,89,0.472,11,25,0.44,11,14,0.786,11,44,20,16,6,9,22
25114,POR,25,12/9/2017,Home,HOU,L,117,124,45,88,0.511,18,41,0.439,9,12,0.75,7,33,19,4,5,15,28,40,75,0.533,10,25,0.4,34,42,0.81,7,35,14,13,2,12,17
26114,POR,26,12/11/2017,Away,GSW,L,104,111,37,88,0.42,7,28,0.25,23,25,0.92,12,39,14,11,2,9,18,44,80,0.55,10,20,0.5,13,17,0.765,6,42,26,5,9,14,16
27114,POR,27,12/13/2017,Away,MIA,W,102,95,36,72,0.5,10,28,0.357,20,23,0.87,5,33,14,7,2,11,21,34,72,0.472,13,30,0.433,14,23,0.609,10,36,19,6,1,15,21
28114,POR,28,12/15/2017,Away,ORL,W,95,88,37,86,0.43,8,18,0.444,13,15,0.867,6,45,18,7,9,14,20,32,84,0.381,10,29,0.345,14,19,0.737,8,45,15,7,3,15,18
29114,POR,29,12/16/2017,Away,CHO,W,93,91,37,79,0.468,10,24,0.417,9,18,0.5,5,47,19,2,3,20,21,33,96,0.344,7,31,0.226,18,28,0.643,13,51,18,9,3,6,21
30114,POR,30,12/18/2017,Away,MIN,L,107,108,46,84,0.548,10,24,0.417,5,5,1,7,40,26,6,8,17,19,42,91,0.462,7,19,0.368,17,21,0.81,11,32,19,6,2,10,14
31153,POR,31,12/20/2017,Home,SAS,L,91,93,38,96,0.396,6,25,0.24,9,14,0.643,12,37,18,13,2,8,14,41,79,0.519,6,17,0.353,5,6,0.833,9,53,17,7,9,23,16
32130,POR,32,12/22/2017,Home,DEN,L,85,102,35,83,0.422,6,22,0.273,9,16,0.563,10,34,15,6,4,9,19,42,85,0.494,7,25,0.28,11,16,0.688,16,49,19,4,10,14,13
33117,POR,33,12/23/2017,Away,LAL,W,95,92,39,95,0.411,10,25,0.4,7,14,0.5,9,47,19,7,8,11,15,36,85,0.424,8,25,0.32,12,20,0.6,11,55,23,8,3,17,22
34114,POR,34,12/28/2017,Home,PHI,W,114,110,35,75,0.467,8,24,0.333,36,47,0.766,8,47,15,7,3,15,18,42,87,0.483,16,32,0.5,10,14,0.714,5,37,28,8,2,13,26
35114,POR,35,12/30/2017,Away,ATL,L,89,104,36,85,0.424,7,25,0.28,10,13,0.769,15,46,19,9,8,20,18,40,89,0.449,14,30,0.467,10,15,0.667,13,45,29,12,3,13,16
36114,POR,36,1/1/2018,Away,CHI,W,124,120,47,108,0.435,14,33,0.424,16,18,0.889,12,50,25,7,5,8,16,45,104,0.433,11,27,0.407,19,23,0.826,15,58,28,5,7,12,21
37114,POR,37,1/2/2018,Away,CLE,L,110,127,42,90,0.467,13,32,0.406,13,19,0.684,13,43,25,5,5,15,29,43,83,0.518,13,32,0.406,28,37,0.757,8,40,28,11,4,10,17
38114,POR,38,1/5/2018,Home,ATL,W,110,89,43,80,0.538,13,30,0.433,11,14,0.786,6,44,30,11,5,15,20,30,83,0.361,8,26,0.308,21,25,0.84,11,39,14,7,5,16,16
39114,POR,39,1/7/2018,Home,SAS,W,111,110,48,92,0.522,8,23,0.348,7,10,0.7,9,38,19,7,5,9,24,40,81,0.494,11,23,0.478,19,26,0.731,10,42,26,4,5,14,16
40114,POR,40,1/9/2018,Away,OKC,W,117,106,43,81,0.531,10,23,0.435,21,26,0.808,8,42,19,10,2,15,20,37,84,0.44,13,31,0.419,19,26,0.731,11,38,20,6,4,14,17
41153,POR,41,1/10/2018,Away,HOU,L,112,121,40,83,0.482,9,26,0.346,23,32,0.719,6,40,21,5,6,12,26,45,100,0.45,12,38,0.316,19,25,0.76,17,49,25,7,5,13,30
42130,POR,42,1/12/2018,Away,NOP,L,113,119,45,101,0.446,12,42,0.286,11,14,0.786,14,39,24,13,6,11,22,45,82,0.549,7,19,0.368,22,23,0.957,9,43,26,7,6,18,16
43117,POR,43,1/14/2018,Away,MIN,L,103,120,39,79,0.494,11,25,0.44,14,17,0.824,8,38,19,6,3,17,27,43,80,0.538,7,19,0.368,27,33,0.818,7,38,21,12,3,11,17
44114,POR,44,1/16/2018,Home,PHO,W,118,111,46,91,0.505,17,35,0.486,9,10,0.9,9,43,21,7,6,9,16,37,89,0.416,16,41,0.39,21,22,0.955,12,43,21,6,3,13,15
45114,POR,45,1/18/2018,Home,IND,W,100,86,37,94,0.394,10,32,0.313,16,16,1,14,57,17,6,7,11,11,36,91,0.396,7,26,0.269,7,13,0.538,10,46,17,4,4,8,16
46114,POR,46,1/20/2018,Home,DAL,W,117,108,45,86,0.523,18,36,0.5,9,10,0.9,9,40,19,3,3,14,23,38,83,0.458,10,25,0.4,22,28,0.786,11,37,19,9,5,9,21
47114,POR,47,1/22/2018,Away,DEN,L,101,104,36,85,0.424,8,25,0.32,21,26,0.808,11,44,19,11,6,11,22,34,83,0.41,10,30,0.333,26,33,0.788,14,49,23,7,8,15,20
48114,POR,48,1/24/2018,Home,MIN,W,123,114,45,82,0.549,17,31,0.548,16,21,0.762,6,37,24,4,1,10,16,45,84,0.536,6,16,0.375,18,22,0.818,5,33,20,7,2,6,14
49114,POR,49,1/26/2018,Away,DAL,W,107,93,39,79,0.494,10,30,0.333,19,23,0.826,10,54,20,4,6,14,17,35,89,0.393,10,30,0.333,13,17,0.765,8,37,17,9,3,5,19
50114,POR,50,1/30/2018,Away,LAC,W,104,96,36,98,0.367,13,30,0.433,19,22,0.864,18,59,21,12,6,12,21,35,85,0.412,6,22,0.273,20,26,0.769,9,50,22,5,7,13,17
51153,POR,51,1/31/2018,Home,CHI,W,124,108,46,82,0.561,15,32,0.469,17,20,0.85,5,48,21,3,6,17,19,41,99,0.414,13,34,0.382,13,22,0.591,12,36,19,10,4,6,16
52130,POR,52,2/2/2018,Away,TOR,L,105,130,37,73,0.507,7,21,0.333,24,33,0.727,4,36,20,4,2,10,15,46,99,0.465,19,40,0.475,19,21,0.905,17,42,21,5,4,6,23
53117,POR,53,2/4/2018,Away,BOS,L,96,97,36,91,0.396,13,31,0.419,11,14,0.786,10,46,21,4,9,8,17,35,85,0.412,15,36,0.417,12,17,0.706,9,51,24,3,6,11,16
54114,POR,54,2/5/2018,Away,DET,L,91,111,37,94,0.394,10,33,0.303,7,8,0.875,13,45,18,9,5,13,14,44,88,0.5,15,30,0.5,8,12,0.667,10,51,36,7,4,14,14
55114,POR,55,2/8/2018,Home,CHO,W,109,103,41,90,0.456,9,31,0.29,18,22,0.818,9,57,18,7,7,17,19,38,98,0.388,13,33,0.394,14,17,0.824,7,44,17,10,3,11,16
56114,POR,56,2/9/2018,Away,SAC,W,118,100,43,88,0.489,15,35,0.429,17,18,0.944,9,45,18,10,4,11,21,38,90,0.422,9,23,0.391,15,21,0.714,12,43,25,5,3,12,19
57114,POR,57,2/11/2018,Home,UTA,L,96,115,33,81,0.407,9,25,0.36,21,25,0.84,6,37,16,7,4,13,22,41,88,0.466,13,26,0.5,20,22,0.909,16,58,23,8,4,13,22
58114,POR,58,2/14/2018,Home,GSW,W,123,117,45,93,0.484,12,33,0.364,21,24,0.875,13,49,20,9,0,13,18,43,90,0.478,13,37,0.351,18,19,0.947,8,41,24,8,7,16,24
59114,POR,59,2/23/2018,Away,UTA,W,100,81,39,87,0.448,9,24,0.375,13,14,0.929,6,41,14,11,5,12,20,33,78,0.423,6,25,0.24,9,11,0.818,8,43,15,7,6,19,13
60114,POR,60,2/24/2018,Away,PHO,W,106,104,39,99,0.394,6,30,0.2,22,30,0.733,12,48,15,6,7,6,19,39,87,0.448,11,26,0.423,15,21,0.714,6,51,23,5,10,13,24
61153,POR,61,2/27/2018,Home,SAC,W,116,99,44,84,0.524,15,34,0.441,13,17,0.765,10,47,27,10,2,17,15,39,88,0.443,7,22,0.318,14,15,0.933,6,36,20,14,4,12,12
62130,POR,62,3/1/2018,Home,MIN,W,108,99,36,92,0.391,9,30,0.3,27,35,0.771,12,48,17,9,6,8,18,38,85,0.447,4,20,0.2,19,21,0.905,9,49,16,5,7,15,24
63117,POR,63,3/3/2018,Home,OKC,W,108,100,39,88,0.443,11,33,0.333,19,23,0.826,14,47,20,6,8,15,21,40,91,0.44,6,27,0.222,14,21,0.667,9,40,18,6,6,12,21
64114,POR,64,3/5/2018,Away,LAL,W,108,103,35,83,0.422,10,23,0.435,28,38,0.737,7,50,19,6,5,14,25,34,87,0.391,11,37,0.297,24,31,0.774,7,47,20,9,7,10,24
65114,POR,65,3/6/2018,Home,NYK,W,111,87,35,81,0.432,20,33,0.606,21,24,0.875,15,51,22,4,4,19,15,35,83,0.422,7,19,0.368,10,15,0.667,9,39,21,7,7,14,19
66114,POR,66,3/9/2018,Home,GSW,W,125,108,44,89,0.494,16,39,0.41,21,27,0.778,14,46,21,4,2,11,17,38,78,0.487,12,28,0.429,20,24,0.833,6,33,20,5,3,10,20
67114,POR,67,3/12/2018,Home,MIA,W,115,99,38,83,0.458,14,36,0.389,25,30,0.833,9,50,23,5,6,12,15,39,91,0.429,10,31,0.323,11,16,0.688,10,46,24,6,4,11,24
68114,POR,68,3/15/2018,Home,CLE,W,113,105,43,96,0.448,12,35,0.343,15,19,0.789,13,50,26,4,3,7,15,41,80,0.513,11,33,0.333,12,21,0.571,2,34,17,5,7,11,21
69114,POR,69,3/17/2018,Home,DET,W,100,87,38,87,0.437,8,31,0.258,16,18,0.889,9,49,23,8,8,11,17,31,80,0.388,10,25,0.4,15,20,0.75,8,43,17,6,2,12,16
70114,POR,70,3/18/2018,Away,LAC,W,122,109,46,92,0.5,14,29,0.483,16,20,0.8,8,47,24,7,6,13,22,40,89,0.449,9,23,0.391,20,27,0.741,8,38,21,8,3,8,17
71153,POR,71,3/20/2018,Home,HOU,L,111,115,40,81,0.494,11,28,0.393,20,27,0.741,10,44,20,6,7,8,18,38,79,0.481,19,36,0.528,20,29,0.69,7,38,18,3,4,9,23
72130,POR,72,3/23/2018,Home,BOS,L,100,105,40,91,0.44,8,33,0.242,12,15,0.8,11,43,16,8,5,8,20,35,77,0.455,11,18,0.611,24,26,0.923,9,45,22,5,4,13,18
73117,POR,73,3/25/2018,Away,OKC,W,108,105,42,90,0.467,9,34,0.265,15,19,0.789,18,49,20,8,7,13,19,37,84,0.44,8,27,0.296,23,28,0.821,13,39,16,9,5,10,19
74114,POR,74,3/27/2018,Away,NOP,W,107,103,44,105,0.419,10,32,0.313,9,10,0.9,17,47,20,11,7,10,17,43,94,0.457,4,24,0.167,13,14,0.929,11,54,28,3,10,16,19
75114,POR,75,3/28/2018,Away,MEM,L,103,108,38,79,0.481,8,30,0.267,19,30,0.633,8,38,15,7,8,12,20,41,84,0.488,13,25,0.52,13,23,0.565,11,46,23,7,2,15,24
76114,POR,76,3/30/2018,Home,LAC,W,105,96,41,95,0.432,8,30,0.267,15,16,0.938,13,50,30,9,10,10,25,36,89,0.404,4,13,0.308,20,35,0.571,11,46,13,5,5,10,16
77114,POR,77,4/1/2018,Home,MEM,W,113,98,39,84,0.464,12,38,0.316,23,25,0.92,8,43,28,9,2,13,15,40,88,0.455,9,21,0.429,9,12,0.75,9,42,20,7,5,17,19
78114,POR,78,4/3/2018,Away,DAL,L,109,115,39,87,0.448,10,40,0.25,21,24,0.875,5,46,28,6,2,13,20,42,92,0.457,17,44,0.386,14,20,0.7,8,43,27,8,5,7,16
79114,POR,79,4/5/2018,Away,HOU,L,94,96,39,85,0.459,7,22,0.318,9,14,0.643,12,47,16,10,2,18,20,34,73,0.466,13,37,0.351,15,24,0.625,6,38,16,10,5,15,16
80114,POR,80,4/7/2018,Away,SAS,L,105,116,42,88,0.477,11,28,0.393,10,11,0.909,11,40,18,4,5,13,17,47,84,0.56,7,21,0.333,15,21,0.714,4,36,21,12,3,7,12
81119,POR,81,4/9/2018,Away,DEN,L,82,88,31,94,0.33,7,33,0.212,13,18,0.722,18,57,10,8,2,17,28,31,83,0.373,6,26,0.231,20,26,0.769,10,52,22,7,5,12,18
82114,POR,82,4/11/2018,Home,UTA,W,102,93,41,89,0.461,9,24,0.375,11,16,0.688,7,46,19,9,9,10,22,33,89,0.371,8,23,0.348,19,24,0.792,14,53,18,5,7,14,19
